{"Blob Data":[{"AVERAGE_HUE":142.5922740984197,"AVERAGE_SATURATION":123.72297510242673,"AVERAGE_VALUE":132.95480842825626,"NAME":"Name"},{"AVERAGE_HUE":142.5922740984197,"AVERAGE_SATURATION":123.72297510242673,"AVERAGE_VALUE":132.95480842825626,"NAME":"Daniel"},{"AVERAGE_HUE":142.5922740984197,"AVERAGE_SATURATION":123.72297510242673,"AVERAGE_VALUE":132.95480842825626,"NAME":"Daniel"}]}