{"Blob Data":[{"AVERAGE_HUE":130.1729865413373,"AVERAGE_SATURATION":59.61130100405896,"AVERAGE_VALUE":108.4466193121128,"NAME":"Gray Tote"}]}