{"Blob Data":[{"AVERAGE_HUE":96.57597340930674,"AVERAGE_SATURATION":124.48551756885091,"AVERAGE_VALUE":123.76139601139602,"NAME":"GreenHook"},{"AVERAGE_HUE":96.57597340930674,"AVERAGE_SATURATION":124.48551756885091,"AVERAGE_VALUE":123.76139601139602,"NAME":"GreenHook"}]}