{"Name":[{"AVERAGE_HUE":149.86735372340425,"AVERAGE_SATURATION":150.90874335106383,"AVERAGE_VALUE":167.1427859042553},{"AVERAGE_HUE":29.67324561403509,"AVERAGE_SATURATION":238.63870614035088,"AVERAGE_VALUE":26.32593201754386}]}